update,elapsed_sec,steps_total,episodes,win_rate,loss_rate,timeout_rate,avg_episode_reward,avg_episode_length,draw_action_ratio,forced_draw_ratio,chosen_draw_ratio,pre_meld_ratio,pre_meld_forced_ratio,pre_meld_chosen_ratio,post_meld_forced_ratio,post_meld_chosen_ratio,avg_candidate_count,avg_win_margin,avg_loss_margin,expected_score,actor_loss,critic_loss,entropy,lr,best_avg_reward
1,134.94,1280,28,0.464,0.536,0.000,-8.785,40.00,0.545,0.525,0.020,0.115,0.086,0.000,0.439,0.020,4.37,2.38,2.07,0.00,-0.0004,10.7514,0.8075,3.00e-04,-8.785
2,318.15,2560,29,0.414,0.586,0.000,-10.167,43.24,0.547,0.522,0.025,0.081,0.057,0.002,0.465,0.023,4.96,2.33,1.59,0.03,-0.0004,8.9704,0.8640,2.97e-04,-8.785
3,484.88,3840,30,0.467,0.533,0.000,-8.854,39.90,0.532,0.508,0.024,0.083,0.055,0.003,0.452,0.021,4.58,2.07,2.62,-0.43,-0.0002,8.3790,0.8378,2.95e-04,-8.785
4,677.49,5120,32,0.531,0.469,0.000,-8.578,42.38,0.547,0.534,0.013,0.121,0.098,0.001,0.436,0.013,5.05,2.53,2.53,0.16,-0.0004,8.3772,0.8907,2.92e-04,-8.578
5,1606.02,6400,31,0.452,0.548,0.000,-9.538,40.42,0.534,0.520,0.015,0.120,0.092,0.002,0.427,0.013,4.23,2.14,3.29,-0.84,-0.0011,7.8792,0.8012,2.89e-04,-8.578
6,3573.32,7680,33,0.424,0.576,0.000,-9.384,39.61,0.559,0.545,0.015,0.151,0.123,0.002,0.422,0.013,4.28,2.00,2.74,-0.73,-0.0011,7.6704,0.8004,2.86e-04,-8.578
7,3730.82,8960,31,0.387,0.613,0.000,-10.294,41.58,0.539,0.528,0.011,0.109,0.081,0.002,0.447,0.009,4.63,2.33,2.47,-0.61,-0.0013,8.0768,0.8378,2.84e-04,-8.578
8,3900.53,10240,31,0.484,0.516,0.000,-9.151,42.13,0.541,0.522,0.019,0.098,0.073,0.002,0.448,0.017,4.87,1.93,1.94,-0.06,-0.0013,7.2890,0.8462,2.81e-04,-8.578
9,4074.43,11520,29,0.552,0.448,0.000,-8.181,40.55,0.547,0.534,0.012,0.126,0.101,0.002,0.434,0.010,5.04,2.19,2.46,0.10,-0.0021,7.6267,0.8759,2.78e-04,-8.181
10,4247.16,12800,32,0.375,0.625,0.000,-9.871,40.69,0.532,0.521,0.011,0.102,0.074,0.002,0.447,0.009,4.74,2.83,2.25,-0.34,-0.0026,7.3919,0.8418,2.76e-04,-8.181
11,4413.44,14080,33,0.515,0.485,0.000,-8.163,38.94,0.552,0.543,0.009,0.138,0.109,0.003,0.434,0.005,4.40,2.76,2.88,0.03,-0.0027,8.1448,0.8068,2.73e-04,-8.163
12,4610.08,15360,31,0.452,0.548,0.000,-9.666,41.65,0.548,0.536,0.012,0.110,0.087,0.000,0.449,0.012,4.87,1.79,2.24,-0.42,-0.0027,8.0715,0.8484,2.70e-04,-8.163
13,4780.03,16640,32,0.312,0.688,0.000,-10.961,41.38,0.545,0.534,0.011,0.117,0.092,0.000,0.441,0.011,4.68,2.00,2.09,-0.81,-0.0023,6.3421,0.8460,2.68e-04,-8.163
14,4958.25,17920,34,0.353,0.647,0.000,-10.078,38.35,0.545,0.537,0.008,0.135,0.107,0.001,0.430,0.007,4.59,2.67,2.95,-0.97,-0.0022,7.3941,0.8077,2.65e-04,-8.163
15,5131.77,19200,31,0.484,0.516,0.000,-8.739,41.29,0.534,0.527,0.006,0.095,0.070,0.001,0.457,0.005,4.72,2.53,2.31,0.03,-0.0023,8.0582,0.8210,2.62e-04,-8.163
16,5323.65,20480,31,0.645,0.355,0.000,-7.269,41.74,0.541,0.534,0.007,0.084,0.059,0.000,0.475,0.007,4.69,2.20,2.45,0.55,-0.0020,7.6602,0.8314,2.59e-04,-7.269
17,5502.51,21760,29,0.517,0.483,0.000,-8.704,42.38,0.535,0.530,0.005,0.095,0.071,0.002,0.459,0.004,4.60,2.00,2.14,0.00,-0.0031,7.4966,0.8072,2.57e-04,-7.269
18,5697.60,23040,29,0.621,0.379,0.000,-7.427,41.66,0.530,0.523,0.008,0.092,0.069,0.001,0.454,0.007,4.85,2.00,1.82,0.55,-0.0020,6.5076,0.8212,2.54e-04,-7.269
19,5875.79,24320,33,0.636,0.364,0.000,-6.895,40.42,0.537,0.534,0.002,0.092,0.066,0.000,0.468,0.002,4.53,1.95,2.00,0.52,-0.0023,6.8739,0.7870,2.51e-04,-6.895
20,6048.73,25600,31,0.484,0.516,0.000,-9.104,41.03,0.544,0.536,0.008,0.122,0.098,0.000,0.438,0.008,4.28,1.87,2.50,-0.39,-0.0037,7.1119,0.7572,2.49e-04,-6.895
21,6301.39,26880,33,0.364,0.636,0.000,-10.076,40.09,0.548,0.542,0.005,0.131,0.105,0.000,0.437,0.005,4.67,2.50,2.19,-0.48,-0.0029,6.1236,0.8083,2.46e-04,-6.895
22,6591.42,28160,30,0.367,0.633,0.000,-10.481,40.43,0.556,0.543,0.013,0.110,0.085,0.001,0.458,0.013,4.41,1.73,2.42,-0.90,-0.0016,6.8782,0.7587,2.43e-04,-6.895
23,6875.63,29440,33,0.576,0.424,0.000,-7.684,40.61,0.530,0.523,0.007,0.098,0.073,0.001,0.451,0.006,4.53,2.11,2.86,0.00,-0.0024,7.1660,0.7881,2.41e-04,-6.895
24,7080.52,30720,30,0.333,0.667,0.000,-11.057,40.63,0.559,0.548,0.012,0.125,0.102,0.000,0.446,0.012,4.71,1.70,2.90,-1.37,-0.0036,6.6994,0.8081,2.38e-04,-6.895
25,7291.13,32000,33,0.606,0.394,0.000,-7.099,40.15,0.532,0.530,0.002,0.109,0.083,0.000,0.447,0.002,4.96,2.55,2.00,0.76,-0.0026,8.4194,0.8348,2.35e-04,-6.895
26,7491.79,33280,29,0.517,0.483,0.000,-8.517,40.97,0.530,0.524,0.005,0.122,0.100,0.000,0.424,0.005,4.61,1.87,2.43,-0.21,-0.0031,6.3864,0.8083,2.32e-04,-6.895
27,7682.65,34560,34,0.500,0.500,0.000,-9.196,42.21,0.559,0.557,0.002,0.154,0.128,0.001,0.429,0.002,4.81,2.53,2.88,-0.18,-0.0027,6.9368,0.8121,2.30e-04,-6.895
28,7845.19,35840,31,0.516,0.484,0.000,-8.428,41.29,0.532,0.527,0.005,0.080,0.054,0.000,0.473,0.005,4.26,1.94,1.80,0.13,-0.0032,6.0513,0.7362,2.27e-04,-6.895
29,8253.28,37120,31,0.516,0.484,0.000,-8.290,40.58,0.534,0.530,0.003,0.119,0.094,0.001,0.437,0.002,4.63,2.19,2.07,0.13,-0.0030,6.8369,0.8103,2.24e-04,-6.895
30,9113.89,38400,30,0.533,0.467,0.000,-8.623,42.03,0.540,0.536,0.004,0.102,0.080,0.000,0.456,0.004,4.84,2.06,2.86,-0.23,-0.0033,5.8695,0.8190,2.22e-04,-6.895
31,9775.69,39680,33,0.333,0.667,0.000,-10.392,39.27,0.539,0.535,0.004,0.113,0.087,0.000,0.448,0.004,4.43,2.73,2.64,-0.85,-0.0034,6.7853,0.7679,2.19e-04,-6.895
32,9957.14,40960,30,0.500,0.500,0.000,-9.076,41.60,0.545,0.541,0.004,0.115,0.091,0.001,0.451,0.003,4.67,2.33,3.27,-0.47,-0.0026,7.6666,0.7984,2.16e-04,-6.895
33,10136.37,42240,32,0.406,0.594,0.000,-9.694,40.22,0.541,0.537,0.004,0.132,0.106,0.002,0.430,0.002,4.70,2.15,2.68,-0.72,-0.0036,6.6476,0.8479,2.14e-04,-6.895
34,10341.77,43520,31,0.484,0.516,0.000,-8.672,40.10,0.536,0.522,0.014,0.116,0.091,0.000,0.430,0.014,4.77,1.93,2.31,-0.26,-0.0032,8.0433,0.8569,2.11e-04,-6.895
35,10584.82,44800,31,0.516,0.484,0.000,-8.763,42.32,0.546,0.535,0.011,0.125,0.101,0.000,0.434,0.011,4.93,2.19,1.93,0.19,-0.0011,6.2742,0.8346,2.08e-04,-6.895
36,10825.01,46080,33,0.545,0.455,0.000,-8.073,39.42,0.548,0.534,0.013,0.099,0.073,0.002,0.461,0.012,4.67,1.89,2.80,-0.24,-0.0039,7.0696,0.7929,2.05e-04,-6.895
37,11051.39,47360,31,0.452,0.548,0.000,-9.170,39.94,0.545,0.536,0.009,0.116,0.091,0.000,0.445,0.009,4.53,1.93,2.35,-0.42,-0.0036,7.2504,0.8066,2.03e-04,-6.895
38,11301.03,48640,31,0.290,0.710,0.000,-11.188,40.42,0.550,0.540,0.010,0.122,0.096,0.000,0.444,0.010,4.83,1.89,1.91,-0.81,-0.0040,6.2887,0.8404,2.00e-04,-6.895
39,11549.76,49920,31,0.484,0.516,0.000,-9.252,41.84,0.550,0.540,0.010,0.130,0.106,0.000,0.434,0.010,4.62,2.67,2.38,0.06,-0.0019,6.9737,0.7972,1.97e-04,-6.895
40,11767.36,51200,34,0.500,0.500,0.000,-8.093,39.06,0.541,0.540,0.002,0.110,0.084,0.000,0.455,0.002,4.41,2.65,1.82,0.41,-0.0040,8.6653,0.7789,1.95e-04,-6.895
41,11987.07,52480,29,0.483,0.517,0.000,-9.279,42.21,0.545,0.542,0.003,0.091,0.067,0.000,0.475,0.003,4.21,2.00,2.40,-0.28,-0.0030,6.4989,0.7182,1.92e-04,-6.895
42,12249.04,53760,34,0.529,0.471,0.000,-8.466,41.06,0.541,0.541,0.000,0.115,0.091,0.000,0.449,0.000,5.23,2.44,2.56,0.09,-0.0032,6.7735,0.8486,1.89e-04,-6.895
43,12484.35,55040,28,0.536,0.464,0.000,-8.012,40.93,0.529,0.524,0.005,0.095,0.070,0.000,0.454,0.005,4.41,2.33,2.31,0.18,-0.0032,6.2859,0.7613,1.87e-04,-6.895
44,12734.56,56320,34,0.618,0.382,0.000,-7.256,39.97,0.549,0.546,0.003,0.152,0.126,0.000,0.420,0.003,4.82,2.10,3.00,0.15,-0.0039,8.1611,0.8125,1.84e-04,-6.895
45,12982.26,57600,31,0.677,0.323,0.000,-6.502,40.77,0.531,0.528,0.003,0.104,0.078,0.000,0.450,0.003,4.71,2.29,2.00,0.90,-0.0034,7.0527,0.7980,1.81e-04,-6.502
46,13231.86,58880,31,0.355,0.645,0.000,-10.458,40.52,0.542,0.539,0.003,0.109,0.084,0.000,0.455,0.003,4.58,2.18,2.50,-0.84,-0.0038,6.0202,0.7785,1.78e-04,-6.502
47,13478.13,60160,31,0.548,0.452,0.000,-7.794,39.61,0.535,0.534,0.001,0.116,0.092,0.000,0.442,0.001,4.65,1.88,2.50,-0.10,-0.0037,7.3873,0.7796,1.76e-04,-6.502
48,13746.36,61440,32,0.531,0.469,0.000,-8.766,41.75,0.538,0.532,0.006,0.115,0.090,0.000,0.442,0.006,4.43,1.76,3.13,-0.53,-0.0031,5.5958,0.7374,1.73e-04,-6.502
49,14020.50,62720,31,0.323,0.677,0.000,-10.702,41.45,0.530,0.528,0.002,0.079,0.055,0.000,0.473,0.002,4.40,2.40,2.24,-0.74,-0.0040,6.9019,0.7541,1.70e-04,-6.502
50,14271.05,64000,32,0.500,0.500,0.000,-8.280,39.88,0.539,0.537,0.002,0.128,0.104,0.000,0.434,0.002,4.46,2.62,2.62,0.00,-0.0037,7.8107,0.7455,1.68e-04,-6.502
51,14559.67,65280,32,0.562,0.438,0.000,-7.969,40.31,0.540,0.535,0.005,0.106,0.081,0.000,0.454,0.005,5.06,2.00,2.29,0.12,-0.0033,6.3587,0.8174,1.65e-04,-6.502
52,14841.49,66560,33,0.515,0.485,0.000,-8.398,41.18,0.538,0.538,0.000,0.093,0.068,0.000,0.470,0.000,4.59,2.35,2.06,0.21,-0.0037,8.6866,0.7646,1.62e-04,-6.502
53,15138.29,67840,28,0.607,0.393,0.000,-7.346,40.75,0.539,0.537,0.002,0.097,0.074,0.000,0.463,0.002,4.51,2.18,2.27,0.43,-0.0037,6.5659,0.7501,1.60e-04,-6.502
54,15432.67,69120,32,0.562,0.438,0.000,-7.695,40.28,0.544,0.542,0.002,0.114,0.088,0.000,0.454,0.002,5.19,3.06,2.07,0.81,-0.0032,6.8399,0.8375,1.57e-04,-6.502
55,15602.21,70400,34,0.412,0.588,0.000,-9.435,39.21,0.555,0.554,0.001,0.136,0.110,0.000,0.444,0.001,4.39,2.57,2.45,-0.38,-0.0038,7.4407,0.7044,1.54e-04,-6.502
56,15767.76,71680,30,0.300,0.700,0.000,-11.217,40.40,0.544,0.544,0.000,0.094,0.070,0.000,0.474,0.000,4.48,3.00,2.81,-1.07,-0.0029,6.1620,0.7494,1.51e-04,-6.502
57,15934.99,72960,35,0.429,0.571,0.000,-9.459,39.34,0.559,0.559,0.000,0.136,0.110,0.000,0.449,0.000,4.40,1.60,2.55,-0.77,-0.0031,7.1495,0.7182,1.49e-04,-6.502
58,16088.53,74240,35,0.343,0.657,0.000,-9.531,36.40,0.534,0.534,0.000,0.125,0.097,0.000,0.437,0.000,4.16,2.08,2.52,-0.94,-0.0029,6.9920,0.7024,1.46e-04,-6.502
59,16264.38,75520,32,0.562,0.438,0.000,-7.708,40.41,0.534,0.534,0.000,0.116,0.091,0.000,0.444,0.000,4.69,2.00,2.29,0.12,-0.0032,7.5626,0.7492,1.43e-04,-6.502
60,16451.91,76800,30,0.533,0.467,0.000,-8.039,39.97,0.541,0.539,0.002,0.116,0.093,0.000,0.446,0.002,4.75,2.38,2.36,0.17,-0.0033,6.7665,0.7609,1.41e-04,-6.502
61,16640.43,78080,33,0.576,0.424,0.000,-7.693,40.36,0.545,0.545,0.000,0.090,0.065,0.000,0.480,0.000,4.46,2.74,2.00,0.73,-0.0033,7.4291,0.7321,1.38e-04,-6.502
62,16840.16,79360,29,0.448,0.552,0.000,-9.183,40.79,0.525,0.523,0.002,0.084,0.060,0.000,0.463,0.002,4.96,2.00,2.75,-0.62,-0.0037,6.7067,0.8141,1.35e-04,-6.502
63,17025.58,80640,33,0.485,0.515,0.000,-9.022,41.15,0.539,0.537,0.002,0.114,0.089,0.000,0.448,0.002,4.28,2.38,2.94,-0.36,-0.0035,7.5781,0.7188,1.33e-04,-6.502
64,17206.98,81920,31,0.484,0.516,0.000,-8.661,40.74,0.528,0.528,0.000,0.115,0.091,0.000,0.438,0.000,4.83,2.60,2.12,0.16,-0.0027,7.1033,0.7871,1.30e-04,-6.502
65,17388.46,83200,32,0.469,0.531,0.000,-8.826,40.34,0.544,0.541,0.002,0.116,0.092,0.000,0.449,0.002,4.53,2.73,2.71,-0.16,-0.0044,7.9992,0.7450,1.27e-04,-6.502
66,17595.92,84480,31,0.484,0.516,0.000,-8.890,41.00,0.534,0.532,0.002,0.087,0.062,0.000,0.470,0.002,4.60,1.87,2.38,-0.32,-0.0033,6.9987,0.7505,1.24e-04,-6.502
67,17776.50,85760,30,0.467,0.533,0.000,-8.828,39.97,0.536,0.533,0.003,0.072,0.048,0.000,0.484,0.003,4.69,2.43,2.50,-0.20,-0.0040,7.3296,0.7666,1.22e-04,-6.502
68,17952.13,87040,32,0.438,0.562,0.000,-9.519,41.81,0.543,0.542,0.001,0.130,0.106,0.000,0.436,0.001,4.58,1.93,2.28,-0.44,-0.0032,6.8252,0.7488,1.19e-04,-6.502
69,18151.26,88320,34,0.382,0.618,0.000,-9.900,40.29,0.541,0.540,0.001,0.106,0.079,0.000,0.461,0.001,4.86,2.08,1.86,-0.35,-0.0037,7.2223,0.7672,1.16e-04,-6.502
70,18309.36,89600,30,0.467,0.533,0.000,-8.482,38.37,0.549,0.548,0.001,0.096,0.072,0.000,0.477,0.001,4.17,3.07,2.75,-0.03,-0.0035,7.8400,0.6890,1.14e-04,-6.502
71,18512.15,90880,34,0.441,0.559,0.000,-9.245,40.26,0.545,0.544,0.002,0.113,0.087,0.000,0.456,0.002,4.83,2.00,1.74,-0.09,-0.0033,7.6468,0.7477,1.11e-04,-6.502
72,18682.51,92160,33,0.606,0.394,0.000,-7.208,39.64,0.537,0.536,0.002,0.106,0.080,0.000,0.455,0.002,4.63,2.15,2.69,0.24,-0.0036,7.5707,0.7529,1.08e-04,-6.502
73,18858.49,93440,30,0.500,0.500,0.000,-8.677,40.50,0.543,0.543,0.000,0.132,0.109,0.000,0.434,0.000,4.57,2.67,2.60,0.03,-0.0035,7.8751,0.7427,1.06e-04,-6.502
74,19046.85,94720,33,0.545,0.455,0.000,-8.092,40.03,0.539,0.538,0.001,0.110,0.083,0.000,0.455,0.001,4.37,2.11,3.20,-0.30,-0.0028,6.6901,0.6913,1.03e-04,-6.502
75,19249.16,96000,30,0.400,0.600,0.000,-10.135,41.87,0.546,0.546,0.000,0.116,0.095,0.000,0.451,0.000,4.59,1.83,2.17,-0.57,-0.0041,6.9520,0.7273,1.00e-04,-6.502
76,19426.01,97280,33,0.606,0.394,0.000,-7.232,39.97,0.541,0.539,0.002,0.111,0.084,0.000,0.455,0.002,4.65,2.65,2.69,0.55,-0.0032,7.1970,0.7158,9.75e-05,-6.502
77,19610.95,98560,30,0.400,0.600,0.000,-10.613,43.00,0.547,0.546,0.001,0.126,0.102,0.000,0.445,0.001,4.72,2.17,2.78,-0.80,-0.0030,6.5556,0.7564,9.48e-05,-6.502
78,19792.21,99840,31,0.355,0.645,0.000,-10.402,40.32,0.543,0.542,0.001,0.114,0.089,0.000,0.453,0.001,4.55,2.64,2.50,-0.68,-0.0032,7.0496,0.7278,9.21e-05,-6.502
79,19961.98,101120,33,0.303,0.697,0.000,-10.712,39.55,0.540,0.540,0.000,0.087,0.062,0.000,0.478,0.000,4.35,2.30,2.65,-1.15,-0.0032,6.1997,0.7083,8.94e-05,-6.502
80,20141.19,102400,30,0.433,0.567,0.000,-9.547,41.63,0.539,0.538,0.001,0.091,0.067,0.001,0.471,0.000,4.76,2.31,2.12,-0.20,-0.0024,7.1860,0.7505,8.67e-05,-6.502
81,20316.21,103680,31,0.355,0.645,0.000,-10.477,41.03,0.549,0.549,0.000,0.129,0.104,0.000,0.445,0.000,4.61,2.36,2.50,-0.77,-0.0025,6.0299,0.7242,8.40e-05,-6.502
82,20495.03,104960,32,0.500,0.500,0.000,-8.773,40.06,0.544,0.544,0.000,0.138,0.115,0.000,0.429,0.000,4.40,2.19,2.94,-0.38,-0.0038,7.7213,0.7165,8.13e-05,-6.502
83,20679.24,106240,31,0.419,0.581,0.000,-9.488,39.94,0.532,0.531,0.001,0.087,0.061,0.000,0.470,0.001,4.61,1.85,2.22,-0.52,-0.0024,6.3737,0.7438,7.86e-05,-6.502
84,20854.54,107520,33,0.394,0.606,0.000,-9.464,39.61,0.543,0.543,0.000,0.131,0.105,0.000,0.438,0.000,4.16,2.31,2.30,-0.48,-0.0032,6.4745,0.6517,7.59e-05,-6.502
85,21070.63,108800,31,0.581,0.419,0.000,-8.291,42.58,0.543,0.541,0.002,0.139,0.116,0.000,0.426,0.002,4.98,2.17,2.77,0.10,-0.0029,8.0580,0.7813,7.32e-05,-6.502
86,21244.21,110080,32,0.531,0.469,0.000,-7.893,39.75,0.538,0.538,0.000,0.130,0.104,0.000,0.434,0.000,4.34,2.06,1.80,0.25,-0.0028,6.0537,0.6953,7.05e-05,-6.502
87,21432.77,111360,33,0.394,0.606,0.000,-9.427,38.88,0.548,0.548,0.001,0.136,0.111,0.000,0.437,0.001,4.45,2.92,2.10,-0.12,-0.0032,7.8038,0.6871,6.78e-05,-6.502
88,21608.04,112640,33,0.364,0.636,0.000,-9.751,39.06,0.534,0.531,0.002,0.111,0.085,0.000,0.446,0.002,4.25,2.00,2.38,-0.79,-0.0021,7.1297,0.6996,6.51e-05,-6.502
89,21808.67,113920,30,0.567,0.433,0.000,-7.802,41.07,0.538,0.538,0.000,0.094,0.070,0.000,0.468,0.000,4.58,2.35,2.31,0.33,-0.0027,6.5714,0.7336,6.24e-05,-6.502
90,22023.83,115200,30,0.400,0.600,0.000,-10.094,41.03,0.548,0.547,0.001,0.127,0.102,0.000,0.445,0.001,5.08,1.67,2.28,-0.70,-0.0025,5.8119,0.7658,5.97e-05,-6.502
91,22214.31,116480,32,0.562,0.438,0.000,-8.280,41.53,0.527,0.527,0.000,0.097,0.073,0.000,0.455,0.000,4.52,2.00,3.14,-0.25,-0.0022,7.0366,0.7232,5.70e-05,-6.502
92,22432.65,117760,32,0.375,0.625,0.000,-10.188,41.22,0.539,0.539,0.000,0.113,0.087,0.000,0.452,0.000,5.13,2.25,2.25,-0.56,-0.0028,6.8923,0.7858,5.43e-05,-6.502
93,22617.11,119040,31,0.419,0.581,0.000,-9.215,40.45,0.539,0.536,0.003,0.106,0.081,0.001,0.455,0.002,4.65,3.15,2.22,0.03,-0.0019,7.9059,0.7512,5.16e-05,-6.502
94,22800.43,120320,31,0.581,0.419,0.000,-8.161,42.19,0.537,0.535,0.002,0.102,0.078,0.000,0.457,0.002,4.58,1.50,2.08,0.00,-0.0019,7.2952,0.7353,4.89e-05,-6.502
95,22969.35,121600,30,0.500,0.500,0.000,-8.613,41.10,0.547,0.546,0.001,0.112,0.087,0.001,0.459,0.000,4.41,2.93,1.93,0.50,-0.0026,8.0726,0.6850,4.62e-05,-6.502
96,23133.57,122880,31,0.516,0.484,0.000,-8.278,41.00,0.522,0.519,0.003,0.080,0.055,0.000,0.463,0.003,4.58,2.62,2.20,0.29,-0.0025,7.4371,0.7346,4.35e-05,-6.502
97,23321.57,124160,34,0.471,0.529,0.000,-8.707,39.59,0.558,0.555,0.003,0.131,0.105,0.000,0.450,0.003,4.74,2.62,2.11,0.12,-0.0025,7.2437,0.7256,4.08e-05,-6.502
98,23503.24,125440,32,0.656,0.344,0.000,-5.887,36.97,0.530,0.525,0.005,0.084,0.059,0.000,0.466,0.005,4.43,2.48,2.27,0.84,-0.0029,8.2076,0.7083,3.81e-05,-5.887
99,23679.09,126720,34,0.471,0.529,0.000,-8.906,40.09,0.541,0.537,0.004,0.086,0.060,0.000,0.477,0.004,4.70,2.94,3.06,-0.24,-0.0016,8.2174,0.7418,3.54e-05,-5.887
100,24523.53,128000,31,0.387,0.613,0.000,-10.102,41.65,0.545,0.545,0.001,0.089,0.064,0.000,0.480,0.001,4.56,2.25,2.11,-0.42,-0.0015,6.5942,0.7122,3.27e-05,-5.887
